<?xml version="1.0" encoding="UTF-8"?>
<!DOCTYPE mapper PUBLIC "-//mybatis.org//DTD Mapper 3.0//EN" "http://mybatis.org/dtd/mybatis-3-mapper.dtd">
<mapper namespace="kr.ac.skuniv.todospring.dao.TodoMapper">
	
    <select id="getTodos" resultType="todo">
        SELECT id, todo, done FROM todo order by id desc
    </select>

    <select id="getTodo" parameterType="java.lang.Integer" resultType="todo">
        SELECT id, todo, done FROM todo where id = #{id}
    </select>

	<insert id="addTodo" parameterType="todo" keyProperty="id">
		insert into todo (todo) values (#{todo})
		<selectKey keyProperty="id" resultType="int" order="AFTER">
			SELECT LAST_INSERT_ID()
		</selectKey>
	</insert>
	<update id="updateTodo" parameterType="int">
		update todo set done = 1 where id = #{id}
	</update>
	<delete id="deleteTodo" parameterType="int">
		delete from todo where id = #{id}
	</delete>
</mapper>